Ticker,Company,Date,Close
SYY,SYSCO Corporation,1/2/2020 16:00,84.66
SYY,SYSCO Corporation,1/3/2020 16:00,84.35
SYY,SYSCO Corporation,1/6/2020 16:00,84.24
SYY,SYSCO Corporation,1/7/2020 16:00,83.56
SYY,SYSCO Corporation,1/8/2020 16:00,84.53
SYY,SYSCO Corporation,1/9/2020 16:00,84.63
SYY,SYSCO Corporation,1/10/2020 16:00,84.92
SYY,SYSCO Corporation,1/13/2020 16:00,83.72
SYY,SYSCO Corporation,1/14/2020 16:00,82.4
SYY,SYSCO Corporation,1/15/2020 16:00,82.65
SYY,SYSCO Corporation,1/16/2020 16:00,82.66
SYY,SYSCO Corporation,1/17/2020 16:00,82.82
SYY,SYSCO Corporation,1/21/2020 16:00,83.23
SYY,SYSCO Corporation,1/22/2020 16:00,83.14
SYY,SYSCO Corporation,1/23/2020 16:00,83.59
SYY,SYSCO Corporation,1/24/2020 16:00,82.63
SYY,SYSCO Corporation,1/27/2020 16:00,82.34
SYY,SYSCO Corporation,1/28/2020 16:00,82.67
SYY,SYSCO Corporation,1/29/2020 16:00,81.89
SYY,SYSCO Corporation,1/30/2020 16:00,82.84
SYY,SYSCO Corporation,1/31/2020 16:00,82.14
SYY,SYSCO Corporation,2/3/2020 16:00,76.68
SYY,SYSCO Corporation,2/4/2020 16:00,75.06
SYY,SYSCO Corporation,2/5/2020 16:00,75.7
SYY,SYSCO Corporation,2/6/2020 16:00,76.62
SYY,SYSCO Corporation,2/7/2020 16:00,77.36
SYY,SYSCO Corporation,2/10/2020 16:00,76.96
SYY,SYSCO Corporation,2/11/2020 16:00,76.27
SYY,SYSCO Corporation,2/12/2020 16:00,77.46
SYY,SYSCO Corporation,2/13/2020 16:00,77.94
SYY,SYSCO Corporation,2/14/2020 16:00,78.21
SYY,SYSCO Corporation,2/18/2020 16:00,76.83
SYY,SYSCO Corporation,2/19/2020 16:00,76.2
SYY,SYSCO Corporation,2/20/2020 16:00,76.71
SYY,SYSCO Corporation,2/21/2020 16:00,77.04
SYY,SYSCO Corporation,2/24/2020 16:00,75.54
SYY,SYSCO Corporation,2/25/2020 16:00,74.05
SYY,SYSCO Corporation,2/26/2020 16:00,72.87
SYY,SYSCO Corporation,2/27/2020 16:00,69.68
SYY,SYSCO Corporation,2/28/2020 16:00,66.65
SYY,SYSCO Corporation,3/2/2020 16:00,69.68
SYY,SYSCO Corporation,3/3/2020 16:00,68.5
SYY,SYSCO Corporation,3/4/2020 16:00,70.65
SYY,SYSCO Corporation,3/5/2020 16:00,67.65
SYY,SYSCO Corporation,3/6/2020 16:00,66.95
SYY,SYSCO Corporation,3/9/2020 16:00,61.25
SYY,SYSCO Corporation,3/10/2020 16:00,62.42
SYY,SYSCO Corporation,3/11/2020 16:00,55.15
SYY,SYSCO Corporation,3/12/2020 16:00,43.51
SYY,SYSCO Corporation,3/13/2020 16:00,47.07
SYY,SYSCO Corporation,3/16/2020 16:00,37.75
SYY,SYSCO Corporation,3/17/2020 16:00,35.06
SYY,SYSCO Corporation,3/18/2020 16:00,31.24
SYY,SYSCO Corporation,3/19/2020 16:00,37.11
SYY,SYSCO Corporation,3/20/2020 16:00,35.33
SYY,SYSCO Corporation,3/23/2020 16:00,36.27
SYY,SYSCO Corporation,3/24/2020 16:00,38.98
SYY,SYSCO Corporation,3/25/2020 16:00,45.65
SYY,SYSCO Corporation,3/26/2020 16:00,53.48
SYY,SYSCO Corporation,3/27/2020 16:00,50.45
SYY,SYSCO Corporation,3/30/2020 16:00,46.35
SYY,SYSCO Corporation,3/31/2020 16:00,45.63
SYY,SYSCO Corporation,4/1/2020 16:00,41.87
SYY,SYSCO Corporation,4/2/2020 16:00,41.29
SYY,SYSCO Corporation,4/3/2020 16:00,39.5
SYY,SYSCO Corporation,4/6/2020 16:00,45.01
SYY,SYSCO Corporation,4/7/2020 16:00,46.07
SYY,SYSCO Corporation,4/8/2020 16:00,47.25
SYY,SYSCO Corporation,4/9/2020 16:00,49.59
SYY,SYSCO Corporation,4/13/2020 16:00,47.05
SYY,SYSCO Corporation,4/14/2020 16:00,48.32
SYY,SYSCO Corporation,4/15/2020 16:00,46.1
SYY,SYSCO Corporation,4/16/2020 16:00,45.74
SYY,SYSCO Corporation,4/17/2020 16:00,50.31
SYY,SYSCO Corporation,4/20/2020 16:00,49.61
SYY,SYSCO Corporation,4/21/2020 16:00,49.1
SYY,SYSCO Corporation,4/22/2020 16:00,51.35
SYY,SYSCO Corporation,4/23/2020 16:00,49.75
SYY,SYSCO Corporation,4/24/2020 16:00,53.08
SYY,SYSCO Corporation,4/27/2020 16:00,54.92
SYY,SYSCO Corporation,4/28/2020 16:00,55.84
SYY,SYSCO Corporation,4/29/2020 16:00,58.6
SYY,SYSCO Corporation,4/30/2020 16:00,56.27
SYY,SYSCO Corporation,5/1/2020 16:00,52.76
SYY,SYSCO Corporation,5/4/2020 16:00,53.83
SYY,SYSCO Corporation,5/5/2020 16:00,50.54
SYY,SYSCO Corporation,5/6/2020 16:00,51.88
SYY,SYSCO Corporation,5/7/2020 16:00,52.28
SYY,SYSCO Corporation,5/8/2020 16:00,53.29
SYY,SYSCO Corporation,5/11/2020 16:00,51.7
SYY,SYSCO Corporation,5/12/2020 16:00,49.28
SYY,SYSCO Corporation,5/13/2020 16:00,46.69
SYY,SYSCO Corporation,5/14/2020 16:00,47.98
SYY,SYSCO Corporation,5/15/2020 16:00,47.62
SYY,SYSCO Corporation,5/18/2020 16:00,52.7
SYY,SYSCO Corporation,5/19/2020 16:00,51.38
SYY,SYSCO Corporation,5/20/2020 16:00,52.58
SYY,SYSCO Corporation,5/21/2020 16:00,52.48
SYY,SYSCO Corporation,5/22/2020 16:00,51.75
SYY,SYSCO Corporation,5/26/2020 16:00,55.11
SYY,SYSCO Corporation,5/27/2020 16:00,56.95
SYY,SYSCO Corporation,5/28/2020 16:00,55.95
SYY,SYSCO Corporation,5/29/2020 16:00,55.16
SYY,SYSCO Corporation,6/1/2020 16:00,57.18
SYY,SYSCO Corporation,6/2/2020 16:00,56.64
SYY,SYSCO Corporation,6/3/2020 16:00,59.1
SYY,SYSCO Corporation,6/4/2020 16:00,58.59
SYY,SYSCO Corporation,6/5/2020 16:00,61.59
SYY,SYSCO Corporation,6/8/2020 16:00,64.11
SYY,SYSCO Corporation,6/9/2020 16:00,61.39
SYY,SYSCO Corporation,6/10/2020 16:00,56.99
SYY,SYSCO Corporation,6/11/2020 16:00,53.37
SYY,SYSCO Corporation,6/12/2020 16:00,54.26
SYY,SYSCO Corporation,6/15/2020 16:00,54.88
SYY,SYSCO Corporation,6/16/2020 16:00,56.53
SYY,SYSCO Corporation,6/17/2020 16:00,54.48
SYY,SYSCO Corporation,6/18/2020 16:00,55.93
SYY,SYSCO Corporation,6/19/2020 16:00,54.26
SYY,SYSCO Corporation,6/22/2020 16:00,55
SYY,SYSCO Corporation,6/23/2020 16:00,58.28
SYY,SYSCO Corporation,6/24/2020 16:00,54.88
SYY,SYSCO Corporation,6/25/2020 16:00,55
SYY,SYSCO Corporation,6/26/2020 16:00,52.3
SYY,SYSCO Corporation,6/29/2020 16:00,54.42
SYY,SYSCO Corporation,6/30/2020 16:00,54.66
SYY,SYSCO Corporation,7/1/2020 16:00,53.7
SYY,SYSCO Corporation,7/2/2020 16:00,54.06
SYY,SYSCO Corporation,7/6/2020 16:00,53.76
SYY,SYSCO Corporation,7/7/2020 16:00,53.02
SYY,SYSCO Corporation,7/8/2020 16:00,53.11
SYY,SYSCO Corporation,7/9/2020 16:00,50.98
SYY,SYSCO Corporation,7/10/2020 16:00,52.31
SYY,SYSCO Corporation,7/13/2020 16:00,52.44
SYY,SYSCO Corporation,7/14/2020 16:00,52.96
SYY,SYSCO Corporation,7/15/2020 16:00,55.44
SYY,SYSCO Corporation,7/16/2020 16:00,54.62
SYY,SYSCO Corporation,7/17/2020 16:00,54.17
SYY,SYSCO Corporation,7/20/2020 16:00,53.03
SYY,SYSCO Corporation,7/21/2020 16:00,54.72
SYY,SYSCO Corporation,7/22/2020 16:00,55.34
SYY,SYSCO Corporation,7/23/2020 16:00,54.94
SYY,SYSCO Corporation,7/24/2020 16:00,54.94
SYY,SYSCO Corporation,7/27/2020 16:00,53.99
SYY,SYSCO Corporation,7/28/2020 16:00,53.5
SYY,SYSCO Corporation,7/29/2020 16:00,53.99
SYY,SYSCO Corporation,7/30/2020 16:00,53.59
SYY,SYSCO Corporation,7/31/2020 16:00,52.85
SYY,SYSCO Corporation,8/3/2020 16:00,52.13
SYY,SYSCO Corporation,8/4/2020 16:00,54.11
SYY,SYSCO Corporation,8/5/2020 16:00,54.99
SYY,SYSCO Corporation,8/6/2020 16:00,56.4
SYY,SYSCO Corporation,8/7/2020 16:00,57.8
SYY,SYSCO Corporation,8/10/2020 16:00,60.1
SYY,SYSCO Corporation,8/11/2020 16:00,60.84
SYY,SYSCO Corporation,8/12/2020 16:00,59.7
SYY,SYSCO Corporation,8/13/2020 16:00,58.6
SYY,SYSCO Corporation,8/14/2020 16:00,59.54
SYY,SYSCO Corporation,8/17/2020 16:00,59.7
SYY,SYSCO Corporation,8/18/2020 16:00,59.59
SYY,SYSCO Corporation,8/19/2020 16:00,58.08
SYY,SYSCO Corporation,8/20/2020 16:00,57.93
SYY,SYSCO Corporation,8/21/2020 16:00,57.46
SYY,SYSCO Corporation,8/24/2020 16:00,59.51
SYY,SYSCO Corporation,8/25/2020 16:00,58.2
SYY,SYSCO Corporation,8/26/2020 16:00,57.5
SYY,SYSCO Corporation,8/27/2020 16:00,60.03
SYY,SYSCO Corporation,8/28/2020 16:00,61.89
SYY,SYSCO Corporation,8/31/2020 16:00,60.14
SYY,SYSCO Corporation,9/1/2020 16:00,60.1
SYY,SYSCO Corporation,9/2/2020 16:00,60.84
SYY,SYSCO Corporation,9/3/2020 16:00,60.37
SYY,SYSCO Corporation,9/4/2020 16:00,60.14
SYY,SYSCO Corporation,9/8/2020 16:00,59.48
SYY,SYSCO Corporation,9/9/2020 16:00,61.42
SYY,SYSCO Corporation,9/10/2020 16:00,61.78
SYY,SYSCO Corporation,9/11/2020 16:00,62.3
SYY,SYSCO Corporation,9/14/2020 16:00,64.57
SYY,SYSCO Corporation,9/15/2020 16:00,65.4
SYY,SYSCO Corporation,9/16/2020 16:00,68.25
SYY,SYSCO Corporation,9/17/2020 16:00,68.4
SYY,SYSCO Corporation,9/18/2020 16:00,67.63
SYY,SYSCO Corporation,9/21/2020 16:00,64.05
SYY,SYSCO Corporation,9/22/2020 16:00,64.02
SYY,SYSCO Corporation,9/23/2020 16:00,60.52
SYY,SYSCO Corporation,9/24/2020 16:00,61.56
SYY,SYSCO Corporation,9/25/2020 16:00,62.01
SYY,SYSCO Corporation,9/28/2020 16:00,61.85
SYY,SYSCO Corporation,9/29/2020 16:00,61.17
SYY,SYSCO Corporation,9/30/2020 16:00,62.22
SYY,SYSCO Corporation,10/1/2020 16:00,62.62
SYY,SYSCO Corporation,10/2/2020 16:00,63.17
SYY,SYSCO Corporation,10/5/2020 16:00,63.54
SYY,SYSCO Corporation,10/6/2020 16:00,64.67
SYY,SYSCO Corporation,10/7/2020 16:00,66.28
SYY,SYSCO Corporation,10/8/2020 16:00,67.84
SYY,SYSCO Corporation,10/9/2020 16:00,67.98
SYY,SYSCO Corporation,10/12/2020 16:00,67.48
SYY,SYSCO Corporation,10/13/2020 16:00,65.08
SYY,SYSCO Corporation,10/14/2020 16:00,66.9
SYY,SYSCO Corporation,10/15/2020 16:00,66.58
SYY,SYSCO Corporation,10/16/2020 16:00,65.78
SYY,SYSCO Corporation,10/19/2020 16:00,64.34
SYY,SYSCO Corporation,10/20/2020 16:00,64.58
SYY,SYSCO Corporation,10/21/2020 16:00,63.8
SYY,SYSCO Corporation,10/22/2020 16:00,65.21
SYY,SYSCO Corporation,10/23/2020 16:00,64.8
SYY,SYSCO Corporation,10/26/2020 16:00,60.8
SYY,SYSCO Corporation,10/27/2020 16:00,58.34
SYY,SYSCO Corporation,10/28/2020 16:00,54.79
SYY,SYSCO Corporation,10/29/2020 16:00,55.29
SYY,SYSCO Corporation,10/30/2020 16:00,55.31
SYY,SYSCO Corporation,11/2/2020 16:00,57.09
SYY,SYSCO Corporation,11/3/2020 16:00,60.25
SYY,SYSCO Corporation,11/4/2020 16:00,60.74
SYY,SYSCO Corporation,11/5/2020 16:00,60.83
SYY,SYSCO Corporation,11/6/2020 16:00,60.86
SYY,SYSCO Corporation,11/9/2020 16:00,71.08
SYY,SYSCO Corporation,11/10/2020 16:00,72.28
SYY,SYSCO Corporation,11/11/2020 16:00,68.49
SYY,SYSCO Corporation,11/12/2020 16:00,68.01
SYY,SYSCO Corporation,11/13/2020 16:00,71.54
SYY,SYSCO Corporation,11/16/2020 16:00,74.97
SYY,SYSCO Corporation,11/17/2020 16:00,74.23
SYY,SYSCO Corporation,11/18/2020 16:00,71.68
SYY,SYSCO Corporation,11/19/2020 16:00,71.99
SYY,SYSCO Corporation,11/20/2020 16:00,70
SYY,SYSCO Corporation,11/23/2020 16:00,71.31
SYY,SYSCO Corporation,11/24/2020 16:00,72.45
SYY,SYSCO Corporation,11/25/2020 16:00,71.68
SYY,SYSCO Corporation,11/27/2020 13:00,71.24
SYY,SYSCO Corporation,11/30/2020 16:00,71.29
SYY,SYSCO Corporation,12/1/2020 16:00,73.43
SYY,SYSCO Corporation,12/2/2020 16:00,72.75
SYY,SYSCO Corporation,12/3/2020 16:00,74.68
SYY,SYSCO Corporation,12/4/2020 16:00,78.12
SYY,SYSCO Corporation,12/7/2020 16:00,75.87
SYY,SYSCO Corporation,12/8/2020 16:00,76.72
SYY,SYSCO Corporation,12/9/2020 16:00,76.41
SYY,SYSCO Corporation,12/10/2020 16:00,77.24
SYY,SYSCO Corporation,12/11/2020 16:00,75.88
SYY,SYSCO Corporation,12/14/2020 16:00,73.43
SYY,SYSCO Corporation,12/15/2020 16:00,74.31
SYY,SYSCO Corporation,12/16/2020 16:00,73.88
SYY,SYSCO Corporation,12/17/2020 16:00,74.44
SYY,SYSCO Corporation,12/18/2020 16:00,72.28
SYY,SYSCO Corporation,12/21/2020 16:00,72.47
SYY,SYSCO Corporation,12/22/2020 16:00,71.92
SYY,SYSCO Corporation,12/23/2020 16:00,72.87
SYY,SYSCO Corporation,12/24/2020 13:00,72.42
SYY,SYSCO Corporation,12/28/2020 16:00,73.83
SYY,SYSCO Corporation,12/29/2020 16:00,72.83
SYY,SYSCO Corporation,12/30/2020 16:00,73.29
SYY,SYSCO Corporation,12/31/2020 16:00,74.26
SYY,SYSCO Corporation,1/4/2021 16:00,72.31
SYY,SYSCO Corporation,1/5/2021 16:00,72.77
SYY,SYSCO Corporation,1/6/2021 16:00,76
SYY,SYSCO Corporation,1/7/2021 16:00,75.59
SYY,SYSCO Corporation,1/8/2021 16:00,77.55
SYY,SYSCO Corporation,1/11/2021 16:00,77.55
SYY,SYSCO Corporation,1/12/2021 16:00,78.37
SYY,SYSCO Corporation,1/13/2021 16:00,76.14
SYY,SYSCO Corporation,1/14/2021 16:00,75.51
SYY,SYSCO Corporation,1/15/2021 16:00,75.57
SYY,SYSCO Corporation,1/19/2021 16:00,74.87
SYY,SYSCO Corporation,1/20/2021 16:00,77.02
SYY,SYSCO Corporation,1/21/2021 16:00,76.83
SYY,SYSCO Corporation,1/22/2021 16:00,75.19
SYY,SYSCO Corporation,1/25/2021 16:00,73
SYY,SYSCO Corporation,1/26/2021 16:00,74.17
SYY,SYSCO Corporation,1/27/2021 16:00,72.02
SYY,SYSCO Corporation,1/28/2021 16:00,74.15
SYY,SYSCO Corporation,1/29/2021 16:00,71.51
SYY,SYSCO Corporation,2/1/2021 16:00,71.57
SYY,SYSCO Corporation,2/2/2021 16:00,73.03
SYY,SYSCO Corporation,2/3/2021 16:00,76.4
SYY,SYSCO Corporation,2/4/2021 16:00,76.52
SYY,SYSCO Corporation,2/5/2021 16:00,77.08
SYY,SYSCO Corporation,2/8/2021 16:00,76.92
SYY,SYSCO Corporation,2/9/2021 16:00,76.21
SYY,SYSCO Corporation,2/10/2021 16:00,76.14
SYY,SYSCO Corporation,2/11/2021 16:00,76.22
SYY,SYSCO Corporation,2/12/2021 16:00,76.24
SYY,SYSCO Corporation,2/16/2021 16:00,76.39
SYY,SYSCO Corporation,2/17/2021 16:00,74.89
SYY,SYSCO Corporation,2/18/2021 16:00,74.93
SYY,SYSCO Corporation,2/19/2021 16:00,76.71
SYY,SYSCO Corporation,2/22/2021 16:00,78.66
SYY,SYSCO Corporation,2/23/2021 16:00,79.13
SYY,SYSCO Corporation,2/24/2021 16:00,80.98
SYY,SYSCO Corporation,2/25/2021 16:00,80.4
SYY,SYSCO Corporation,2/26/2021 16:00,79.63
SYY,SYSCO Corporation,3/1/2021 16:00,80.91
SYY,SYSCO Corporation,3/2/2021 16:00,80.03
SYY,SYSCO Corporation,3/3/2021 16:00,81.5
SYY,SYSCO Corporation,3/4/2021 16:00,79.42
SYY,SYSCO Corporation,3/5/2021 16:00,81.79
SYY,SYSCO Corporation,3/8/2021 16:00,81.7
SYY,SYSCO Corporation,3/9/2021 16:00,79.36
SYY,SYSCO Corporation,3/10/2021 16:00,81.23
SYY,SYSCO Corporation,3/11/2021 16:00,81.03
SYY,SYSCO Corporation,3/12/2021 16:00,83.4
SYY,SYSCO Corporation,3/15/2021 16:00,83.24
SYY,SYSCO Corporation,3/16/2021 16:00,80.45
SYY,SYSCO Corporation,3/17/2021 16:00,80.76
SYY,SYSCO Corporation,3/18/2021 16:00,78.82
SYY,SYSCO Corporation,3/19/2021 16:00,79.7
SYY,SYSCO Corporation,3/22/2021 16:00,78.6
SYY,SYSCO Corporation,3/23/2021 16:00,77.78
SYY,SYSCO Corporation,3/24/2021 16:00,77.65
SYY,SYSCO Corporation,3/25/2021 16:00,79.59
SYY,SYSCO Corporation,3/26/2021 16:00,80.63
SYY,SYSCO Corporation,3/29/2021 16:00,79.03
SYY,SYSCO Corporation,3/30/2021 16:00,79.89
SYY,SYSCO Corporation,3/31/2021 16:00,78.74
SYY,SYSCO Corporation,4/1/2021 16:00,77.99
SYY,SYSCO Corporation,4/5/2021 16:00,79.28
SYY,SYSCO Corporation,4/6/2021 16:00,81.25
SYY,SYSCO Corporation,4/7/2021 16:00,80.65
SYY,SYSCO Corporation,4/8/2021 16:00,80.61
SYY,SYSCO Corporation,4/9/2021 16:00,80.86
SYY,SYSCO Corporation,4/12/2021 16:00,81.57
SYY,SYSCO Corporation,4/13/2021 16:00,80.48
SYY,SYSCO Corporation,4/14/2021 16:00,80.53
SYY,SYSCO Corporation,4/15/2021 16:00,80.58
SYY,SYSCO Corporation,4/16/2021 16:00,80.56
SYY,SYSCO Corporation,4/19/2021 16:00,81.08
SYY,SYSCO Corporation,4/20/2021 16:00,80.31
SYY,SYSCO Corporation,4/21/2021 16:00,82.4
SYY,SYSCO Corporation,4/22/2021 16:00,82.38
SYY,SYSCO Corporation,4/23/2021 16:00,82.64
SYY,SYSCO Corporation,4/26/2021 16:00,82.28
SYY,SYSCO Corporation,4/27/2021 16:00,83.29
SYY,SYSCO Corporation,4/28/2021 16:00,83.24
SYY,SYSCO Corporation,4/29/2021 16:00,84.17
SYY,SYSCO Corporation,4/30/2021 16:00,84.73
SYY,SYSCO Corporation,5/3/2021 16:00,84.04
SYY,SYSCO Corporation,5/4/2021 16:00,83.18
SYY,SYSCO Corporation,5/5/2021 16:00,83.04
SYY,SYSCO Corporation,5/6/2021 16:00,85.38
SYY,SYSCO Corporation,5/7/2021 16:00,86.26
SYY,SYSCO Corporation,5/10/2021 16:00,85.64
SYY,SYSCO Corporation,5/11/2021 16:00,83.98
SYY,SYSCO Corporation,5/12/2021 16:00,81.72
SYY,SYSCO Corporation,5/13/2021 16:00,83.12
SYY,SYSCO Corporation,5/14/2021 16:00,84
SYY,SYSCO Corporation,5/17/2021 16:00,84.13
SYY,SYSCO Corporation,5/18/2021 16:00,82.91
SYY,SYSCO Corporation,5/19/2021 16:00,81.14
SYY,SYSCO Corporation,5/20/2021 16:00,80.17
SYY,SYSCO Corporation,5/21/2021 16:00,80.51
SYY,SYSCO Corporation,5/24/2021 16:00,80.37
SYY,SYSCO Corporation,5/25/2021 16:00,81.51
SYY,SYSCO Corporation,5/26/2021 16:00,81.09
SYY,SYSCO Corporation,5/27/2021 16:00,80.44
SYY,SYSCO Corporation,5/28/2021 16:00,81
SYY,SYSCO Corporation,6/1/2021 16:00,81.45
SYY,SYSCO Corporation,6/2/2021 16:00,80.68
SYY,SYSCO Corporation,6/3/2021 16:00,80.29
SYY,SYSCO Corporation,6/4/2021 16:00,79.61
SYY,SYSCO Corporation,6/7/2021 16:00,79.83
SYY,SYSCO Corporation,6/8/2021 16:00,80.31
SYY,SYSCO Corporation,6/9/2021 16:00,79.46
SYY,SYSCO Corporation,6/10/2021 16:00,78.93
SYY,SYSCO Corporation,6/11/2021 16:00,79.87
SYY,SYSCO Corporation,6/14/2021 16:00,79.4
SYY,SYSCO Corporation,6/15/2021 16:00,79.22
SYY,SYSCO Corporation,6/16/2021 16:00,77.44
SYY,SYSCO Corporation,6/17/2021 16:00,76.04
SYY,SYSCO Corporation,6/18/2021 16:00,74.71
SYY,SYSCO Corporation,6/21/2021 16:00,77.36
SYY,SYSCO Corporation,6/22/2021 16:00,77.13
SYY,SYSCO Corporation,6/23/2021 16:00,77.27
SYY,SYSCO Corporation,6/24/2021 16:00,77.23
SYY,SYSCO Corporation,6/25/2021 16:00,77.04
SYY,SYSCO Corporation,6/28/2021 16:00,76.22
SYY,SYSCO Corporation,6/29/2021 16:00,75.68
SYY,SYSCO Corporation,6/30/2021 16:00,77.75
SYY,SYSCO Corporation,7/1/2021 16:00,76.82
SYY,SYSCO Corporation,7/2/2021 16:00,76.59
SYY,SYSCO Corporation,7/6/2021 16:00,75.34
SYY,SYSCO Corporation,7/7/2021 16:00,74.85
SYY,SYSCO Corporation,7/8/2021 16:00,74.29
SYY,SYSCO Corporation,7/9/2021 16:00,76.14
SYY,SYSCO Corporation,7/12/2021 16:00,75.23
SYY,SYSCO Corporation,7/13/2021 16:00,73.31
SYY,SYSCO Corporation,7/14/2021 16:00,73.22
SYY,SYSCO Corporation,7/15/2021 16:00,72.59
SYY,SYSCO Corporation,7/16/2021 16:00,71.58
SYY,SYSCO Corporation,7/19/2021 16:00,70.47
SYY,SYSCO Corporation,7/20/2021 16:00,72.67
SYY,SYSCO Corporation,7/21/2021 16:00,73.27
SYY,SYSCO Corporation,7/22/2021 16:00,71.96
SYY,SYSCO Corporation,7/23/2021 16:00,72.87
SYY,SYSCO Corporation,7/26/2021 16:00,73.32
SYY,SYSCO Corporation,7/27/2021 16:00,73.59
SYY,SYSCO Corporation,7/28/2021 16:00,73.65
SYY,SYSCO Corporation,7/29/2021 16:00,75.08
SYY,SYSCO Corporation,7/30/2021 16:00,74.2
SYY,SYSCO Corporation,8/2/2021 16:00,73.18
SYY,SYSCO Corporation,8/3/2021 16:00,72.56
SYY,SYSCO Corporation,8/4/2021 16:00,71.75
SYY,SYSCO Corporation,8/5/2021 16:00,73.52
SYY,SYSCO Corporation,8/6/2021 16:00,73.92
SYY,SYSCO Corporation,8/9/2021 16:00,73.45
SYY,SYSCO Corporation,8/10/2021 16:00,78.24
SYY,SYSCO Corporation,8/11/2021 16:00,78.16
SYY,SYSCO Corporation,8/12/2021 16:00,78.78
SYY,SYSCO Corporation,8/13/2021 16:00,79.44
SYY,SYSCO Corporation,8/16/2021 16:00,79.33
SYY,SYSCO Corporation,8/17/2021 16:00,78.67
SYY,SYSCO Corporation,8/18/2021 16:00,76.94
SYY,SYSCO Corporation,8/19/2021 16:00,75.55
SYY,SYSCO Corporation,8/20/2021 16:00,76.79
SYY,SYSCO Corporation,8/23/2021 16:00,77.56
SYY,SYSCO Corporation,8/24/2021 16:00,78.45
SYY,SYSCO Corporation,8/25/2021 16:00,79.15
SYY,SYSCO Corporation,8/26/2021 16:00,79.02
SYY,SYSCO Corporation,8/27/2021 16:00,80.25
SYY,SYSCO Corporation,8/30/2021 16:00,78.99
SYY,SYSCO Corporation,8/31/2021 16:00,79.65
SYY,SYSCO Corporation,9/1/2021 16:00,78.99
SYY,SYSCO Corporation,9/2/2021 16:00,78.36
SYY,SYSCO Corporation,9/3/2021 16:00,77.35
SYY,SYSCO Corporation,9/7/2021 16:00,77.14
SYY,SYSCO Corporation,9/8/2021 16:00,76.41
SYY,SYSCO Corporation,9/9/2021 16:00,77.97
SYY,SYSCO Corporation,9/10/2021 16:00,76.56
SYY,SYSCO Corporation,9/13/2021 16:00,76.87
TWTR,Twitter Inc,1/2/2020 16:00,32.3
TWTR,Twitter Inc,1/3/2020 16:00,31.52
TWTR,Twitter Inc,1/6/2020 16:00,31.64
TWTR,Twitter Inc,1/7/2020 16:00,32.54
TWTR,Twitter Inc,1/8/2020 16:00,33.05
TWTR,Twitter Inc,1/9/2020 16:00,33.22
TWTR,Twitter Inc,1/10/2020 16:00,32.78
TWTR,Twitter Inc,1/13/2020 16:00,32.69
TWTR,Twitter Inc,1/14/2020 16:00,32.82
TWTR,Twitter Inc,1/15/2020 16:00,33.23
TWTR,Twitter Inc,1/16/2020 16:00,34.19
TWTR,Twitter Inc,1/17/2020 16:00,34.22
TWTR,Twitter Inc,1/21/2020 16:00,34.09
TWTR,Twitter Inc,1/22/2020 16:00,34.02
TWTR,Twitter Inc,1/23/2020 16:00,33.89
TWTR,Twitter Inc,1/24/2020 16:00,33.19
TWTR,Twitter Inc,1/27/2020 16:00,32.78
TWTR,Twitter Inc,1/28/2020 16:00,33.42
TWTR,Twitter Inc,1/29/2020 16:00,33.63
TWTR,Twitter Inc,1/30/2020 16:00,33.22
TWTR,Twitter Inc,1/31/2020 16:00,32.48
TWTR,Twitter Inc,2/3/2020 16:00,33.07
TWTR,Twitter Inc,2/4/2020 16:00,33.96
TWTR,Twitter Inc,2/5/2020 16:00,33.39
TWTR,Twitter Inc,2/6/2020 16:00,38.41
TWTR,Twitter Inc,2/7/2020 16:00,37.03
TWTR,Twitter Inc,2/10/2020 16:00,35.96
TWTR,Twitter Inc,2/11/2020 16:00,35.65
TWTR,Twitter Inc,2/12/2020 16:00,36.79
TWTR,Twitter Inc,2/13/2020 16:00,37.16
TWTR,Twitter Inc,2/14/2020 16:00,36.91
TWTR,Twitter Inc,2/18/2020 16:00,38.06
TWTR,Twitter Inc,2/19/2020 16:00,38.77
TWTR,Twitter Inc,2/20/2020 16:00,39.05
TWTR,Twitter Inc,2/21/2020 16:00,38.31
TWTR,Twitter Inc,2/24/2020 16:00,35.89
TWTR,Twitter Inc,2/25/2020 16:00,35.21
TWTR,Twitter Inc,2/26/2020 16:00,34.63
TWTR,Twitter Inc,2/27/2020 16:00,33.01
TWTR,Twitter Inc,2/28/2020 16:00,33.2
TWTR,Twitter Inc,3/2/2020 16:00,35.82
TWTR,Twitter Inc,3/3/2020 16:00,34.93
TWTR,Twitter Inc,3/4/2020 16:00,36
TWTR,Twitter Inc,3/5/2020 16:00,34.97
TWTR,Twitter Inc,3/6/2020 16:00,33.46
TWTR,Twitter Inc,3/9/2020 16:00,32.46
TWTR,Twitter Inc,3/10/2020 16:00,34.31
TWTR,Twitter Inc,3/11/2020 16:00,31.3
TWTR,Twitter Inc,3/12/2020 16:00,26.78
TWTR,Twitter Inc,3/13/2020 16:00,29.29
TWTR,Twitter Inc,3/16/2020 16:00,24.04
TWTR,Twitter Inc,3/17/2020 16:00,24.48
TWTR,Twitter Inc,3/18/2020 16:00,22
TWTR,Twitter Inc,3/19/2020 16:00,24.13
TWTR,Twitter Inc,3/20/2020 16:00,23.95
TWTR,Twitter Inc,3/23/2020 16:00,24.69
TWTR,Twitter Inc,3/24/2020 16:00,25.85
TWTR,Twitter Inc,3/25/2020 16:00,25.97
TWTR,Twitter Inc,3/26/2020 16:00,26.41
TWTR,Twitter Inc,3/27/2020 16:00,25.29
TWTR,Twitter Inc,3/30/2020 16:00,25.59
TWTR,Twitter Inc,3/31/2020 16:00,24.56
TWTR,Twitter Inc,4/1/2020 16:00,23.32
TWTR,Twitter Inc,4/2/2020 16:00,23.02
TWTR,Twitter Inc,4/3/2020 16:00,23.09
TWTR,Twitter Inc,4/6/2020 16:00,24.93
TWTR,Twitter Inc,4/7/2020 16:00,25.61
TWTR,Twitter Inc,4/8/2020 16:00,27.86
TWTR,Twitter Inc,4/9/2020 16:00,27.77
TWTR,Twitter Inc,4/13/2020 16:00,27.21
TWTR,Twitter Inc,4/14/2020 16:00,27.94
TWTR,Twitter Inc,4/15/2020 16:00,27.51
TWTR,Twitter Inc,4/16/2020 16:00,26.55
TWTR,Twitter Inc,4/17/2020 16:00,26.7
TWTR,Twitter Inc,4/20/2020 16:00,27.01
TWTR,Twitter Inc,4/21/2020 16:00,25.75
TWTR,Twitter Inc,4/22/2020 16:00,28.44
TWTR,Twitter Inc,4/23/2020 16:00,27.86
TWTR,Twitter Inc,4/24/2020 16:00,28.74
TWTR,Twitter Inc,4/27/2020 16:00,30
TWTR,Twitter Inc,4/28/2020 16:00,28.79
TWTR,Twitter Inc,4/29/2020 16:00,31.09
TWTR,Twitter Inc,4/30/2020 16:00,28.68
TWTR,Twitter Inc,5/1/2020 16:00,27.84
TWTR,Twitter Inc,5/4/2020 16:00,28.23
TWTR,Twitter Inc,5/5/2020 16:00,28.07
TWTR,Twitter Inc,5/6/2020 16:00,27.68
TWTR,Twitter Inc,5/7/2020 16:00,28.77
TWTR,Twitter Inc,5/8/2020 16:00,29.93
TWTR,Twitter Inc,5/11/2020 16:00,29.69
TWTR,Twitter Inc,5/12/2020 16:00,29.15
TWTR,Twitter Inc,5/13/2020 16:00,28.13
TWTR,Twitter Inc,5/14/2020 16:00,28.56
TWTR,Twitter Inc,5/15/2020 16:00,29
TWTR,Twitter Inc,5/18/2020 16:00,29.64
TWTR,Twitter Inc,5/19/2020 16:00,29.88
TWTR,Twitter Inc,5/20/2020 16:00,32.23
TWTR,Twitter Inc,5/21/2020 16:00,32.34
TWTR,Twitter Inc,5/22/2020 16:00,32.62
TWTR,Twitter Inc,5/26/2020 16:00,34.01
TWTR,Twitter Inc,5/27/2020 16:00,33.07
TWTR,Twitter Inc,5/28/2020 16:00,31.6
TWTR,Twitter Inc,5/29/2020 16:00,30.97
TWTR,Twitter Inc,6/1/2020 16:00,31.89
TWTR,Twitter Inc,6/2/2020 16:00,32.26
TWTR,Twitter Inc,6/3/2020 16:00,34.88
TWTR,Twitter Inc,6/4/2020 16:00,33.72
TWTR,Twitter Inc,6/5/2020 16:00,34.87
TWTR,Twitter Inc,6/8/2020 16:00,36.64
TWTR,Twitter Inc,6/9/2020 16:00,35.92
TWTR,Twitter Inc,6/10/2020 16:00,35.14
TWTR,Twitter Inc,6/11/2020 16:00,33.03
TWTR,Twitter Inc,6/12/2020 16:00,33.4
TWTR,Twitter Inc,6/15/2020 16:00,34.11
TWTR,Twitter Inc,6/16/2020 16:00,34.63
TWTR,Twitter Inc,6/17/2020 16:00,34.34
TWTR,Twitter Inc,6/18/2020 16:00,34.03
TWTR,Twitter Inc,6/19/2020 16:00,33.41
TWTR,Twitter Inc,6/22/2020 16:00,33.47
TWTR,Twitter Inc,6/23/2020 16:00,32.91
TWTR,Twitter Inc,6/24/2020 16:00,31.73
TWTR,Twitter Inc,6/25/2020 16:00,31.37
TWTR,Twitter Inc,6/26/2020 16:00,29.05
TWTR,Twitter Inc,6/29/2020 16:00,29.49
TWTR,Twitter Inc,6/30/2020 16:00,29.79
TWTR,Twitter Inc,7/1/2020 16:00,30.81
TWTR,Twitter Inc,7/2/2020 16:00,30.87
TWTR,Twitter Inc,7/6/2020 16:00,32.34
TWTR,Twitter Inc,7/7/2020 16:00,32.99
TWTR,Twitter Inc,7/8/2020 16:00,35.41
TWTR,Twitter Inc,7/9/2020 16:00,35.72
TWTR,Twitter Inc,7/10/2020 16:00,35.4
TWTR,Twitter Inc,7/13/2020 16:00,33.82
TWTR,Twitter Inc,7/14/2020 16:00,34.38
TWTR,Twitter Inc,7/15/2020 16:00,35.67
TWTR,Twitter Inc,7/16/2020 16:00,35.28
TWTR,Twitter Inc,7/17/2020 16:00,35.81
TWTR,Twitter Inc,7/20/2020 16:00,37.06
TWTR,Twitter Inc,7/21/2020 16:00,37.01
TWTR,Twitter Inc,7/22/2020 16:00,36.94
TWTR,Twitter Inc,7/23/2020 16:00,38.44
TWTR,Twitter Inc,7/24/2020 16:00,37.54
TWTR,Twitter Inc,7/27/2020 16:00,36.85
TWTR,Twitter Inc,7/28/2020 16:00,36.61
TWTR,Twitter Inc,7/29/2020 16:00,37.16
TWTR,Twitter Inc,7/30/2020 16:00,36.72
TWTR,Twitter Inc,7/31/2020 16:00,36.4
TWTR,Twitter Inc,8/3/2020 16:00,36.39
TWTR,Twitter Inc,8/4/2020 16:00,36.35
TWTR,Twitter Inc,8/5/2020 16:00,36.79
TWTR,Twitter Inc,8/6/2020 16:00,37.69
TWTR,Twitter Inc,8/7/2020 16:00,37.14
TWTR,Twitter Inc,8/10/2020 16:00,37.44
TWTR,Twitter Inc,8/11/2020 16:00,37.28
TWTR,Twitter Inc,8/12/2020 16:00,37.44
TWTR,Twitter Inc,8/13/2020 16:00,37.82
TWTR,Twitter Inc,8/14/2020 16:00,37.9
TWTR,Twitter Inc,8/17/2020 16:00,37.97
TWTR,Twitter Inc,8/18/2020 16:00,38.01
TWTR,Twitter Inc,8/19/2020 16:00,38.89
TWTR,Twitter Inc,8/20/2020 16:00,38.96
TWTR,Twitter Inc,8/21/2020 16:00,39.26
TWTR,Twitter Inc,8/24/2020 16:00,40.49
TWTR,Twitter Inc,8/25/2020 16:00,40.55
TWTR,Twitter Inc,8/26/2020 16:00,41.08
TWTR,Twitter Inc,8/27/2020 16:00,40.39
TWTR,Twitter Inc,8/28/2020 16:00,41.07
TWTR,Twitter Inc,8/31/2020 16:00,40.58
TWTR,Twitter Inc,9/1/2020 16:00,41.15
TWTR,Twitter Inc,9/2/2020 16:00,43.67
TWTR,Twitter Inc,9/3/2020 16:00,41.63
TWTR,Twitter Inc,9/4/2020 16:00,39.87
TWTR,Twitter Inc,9/8/2020 16:00,38.19
TWTR,Twitter Inc,9/9/2020 16:00,39.56
TWTR,Twitter Inc,9/10/2020 16:00,38.95
TWTR,Twitter Inc,9/11/2020 16:00,38.93
TWTR,Twitter Inc,9/14/2020 16:00,38.77
TWTR,Twitter Inc,9/15/2020 16:00,39.09
TWTR,Twitter Inc,9/16/2020 16:00,39.6
TWTR,Twitter Inc,9/17/2020 16:00,39.35
TWTR,Twitter Inc,9/18/2020 16:00,40.15
TWTR,Twitter Inc,9/21/2020 16:00,39.9
TWTR,Twitter Inc,9/22/2020 16:00,42.73
TWTR,Twitter Inc,9/23/2020 16:00,45.33
TWTR,Twitter Inc,9/24/2020 16:00,43.14
TWTR,Twitter Inc,9/25/2020 16:00,43.84
TWTR,Twitter Inc,9/28/2020 16:00,44.15
TWTR,Twitter Inc,9/29/2020 16:00,44.74
TWTR,Twitter Inc,9/30/2020 16:00,44.5
TWTR,Twitter Inc,10/1/2020 16:00,46.7
TWTR,Twitter Inc,10/2/2020 16:00,46.12
TWTR,Twitter Inc,10/5/2020 16:00,47.31
TWTR,Twitter Inc,10/6/2020 16:00,45.6
TWTR,Twitter Inc,10/7/2020 16:00,45.87
TWTR,Twitter Inc,10/8/2020 16:00,46.01
TWTR,Twitter Inc,10/9/2020 16:00,45.9
TWTR,Twitter Inc,10/12/2020 16:00,48.25
TWTR,Twitter Inc,10/13/2020 16:00,47
TWTR,Twitter Inc,10/14/2020 16:00,45.98
TWTR,Twitter Inc,10/15/2020 16:00,46.03
TWTR,Twitter Inc,10/16/2020 16:00,45.81
TWTR,Twitter Inc,10/19/2020 16:00,45.82
TWTR,Twitter Inc,10/20/2020 16:00,46.35
TWTR,Twitter Inc,10/21/2020 16:00,50.24
TWTR,Twitter Inc,10/22/2020 16:00,50.28
TWTR,Twitter Inc,10/23/2020 16:00,50.44
TWTR,Twitter Inc,10/26/2020 16:00,49
TWTR,Twitter Inc,10/27/2020 16:00,51.27
TWTR,Twitter Inc,10/28/2020 16:00,48.53
TWTR,Twitter Inc,10/29/2020 16:00,52.43
TWTR,Twitter Inc,10/30/2020 16:00,41.36
TWTR,Twitter Inc,11/2/2020 16:00,39.47
TWTR,Twitter Inc,11/3/2020 16:00,41.73
TWTR,Twitter Inc,11/4/2020 16:00,42.76
TWTR,Twitter Inc,11/5/2020 16:00,43.71
TWTR,Twitter Inc,11/6/2020 16:00,43.12
TWTR,Twitter Inc,11/9/2020 16:00,43.19
TWTR,Twitter Inc,11/10/2020 16:00,42.41
TWTR,Twitter Inc,11/11/2020 16:00,43.63
TWTR,Twitter Inc,11/12/2020 16:00,42.81
TWTR,Twitter Inc,11/13/2020 16:00,43.48
TWTR,Twitter Inc,11/16/2020 16:00,42.73
TWTR,Twitter Inc,11/17/2020 16:00,42.85
TWTR,Twitter Inc,11/18/2020 16:00,43.33
TWTR,Twitter Inc,11/19/2020 16:00,43.62
TWTR,Twitter Inc,11/20/2020 16:00,44.68
TWTR,Twitter Inc,11/23/2020 16:00,44.94
TWTR,Twitter Inc,11/24/2020 16:00,45.23
TWTR,Twitter Inc,11/25/2020 16:00,46.43
TWTR,Twitter Inc,11/27/2020 13:00,46.59
TWTR,Twitter Inc,11/30/2020 16:00,46.51
TWTR,Twitter Inc,12/1/2020 16:00,46.67
TWTR,Twitter Inc,12/2/2020 16:00,47.23
TWTR,Twitter Inc,12/3/2020 16:00,47.79
TWTR,Twitter Inc,12/4/2020 16:00,47.73
TWTR,Twitter Inc,12/7/2020 16:00,47.9
TWTR,Twitter Inc,12/8/2020 16:00,47.43
TWTR,Twitter Inc,12/9/2020 16:00,47.23
TWTR,Twitter Inc,12/10/2020 16:00,51.21
TWTR,Twitter Inc,12/11/2020 16:00,51.44
TWTR,Twitter Inc,12/14/2020 16:00,52.02
TWTR,Twitter Inc,12/15/2020 16:00,52.82
TWTR,Twitter Inc,12/16/2020 16:00,54.03
TWTR,Twitter Inc,12/17/2020 16:00,54.63
TWTR,Twitter Inc,12/18/2020 16:00,55.87
TWTR,Twitter Inc,12/21/2020 16:00,54.64
TWTR,Twitter Inc,12/22/2020 16:00,54.91
TWTR,Twitter Inc,12/23/2020 16:00,54.3
TWTR,Twitter Inc,12/24/2020 13:00,53.97
TWTR,Twitter Inc,12/28/2020 16:00,54.43
TWTR,Twitter Inc,12/29/2020 16:00,54.36
TWTR,Twitter Inc,12/30/2020 16:00,54.33
TWTR,Twitter Inc,12/31/2020 16:00,54.15
TWTR,Twitter Inc,1/4/2021 16:00,54.53
TWTR,Twitter Inc,1/5/2021 16:00,53.88
TWTR,Twitter Inc,1/6/2021 16:00,53.26
TWTR,Twitter Inc,1/7/2021 16:00,52.33
TWTR,Twitter Inc,1/8/2021 16:00,51.48
TWTR,Twitter Inc,1/11/2021 16:00,48.18
TWTR,Twitter Inc,1/12/2021 16:00,47.04
TWTR,Twitter Inc,1/13/2021 16:00,47.22
TWTR,Twitter Inc,1/14/2021 16:00,45.79
TWTR,Twitter Inc,1/15/2021 16:00,45.18
TWTR,Twitter Inc,1/19/2021 16:00,45.93
TWTR,Twitter Inc,1/20/2021 16:00,47.6
TWTR,Twitter Inc,1/21/2021 16:00,47.12
TWTR,Twitter Inc,1/22/2021 16:00,48.06
TWTR,Twitter Inc,1/25/2021 16:00,47.84
TWTR,Twitter Inc,1/26/2021 16:00,49.67
TWTR,Twitter Inc,1/27/2021 16:00,48.19
TWTR,Twitter Inc,1/28/2021 16:00,51.57
TWTR,Twitter Inc,1/29/2021 16:00,50.53
TWTR,Twitter Inc,2/1/2021 16:00,52.66
TWTR,Twitter Inc,2/2/2021 16:00,54
TWTR,Twitter Inc,2/3/2021 16:00,54.58
TWTR,Twitter Inc,2/4/2021 16:00,56.51
TWTR,Twitter Inc,2/5/2021 16:00,56.78
TWTR,Twitter Inc,2/8/2021 16:00,58.2
TWTR,Twitter Inc,2/9/2021 16:00,59.87
TWTR,Twitter Inc,2/10/2021 16:00,67.77
TWTR,Twitter Inc,2/11/2021 16:00,68.56
TWTR,Twitter Inc,2/12/2021 16:00,71.9
TWTR,Twitter Inc,2/16/2021 16:00,73.96
TWTR,Twitter Inc,2/17/2021 16:00,71.79
TWTR,Twitter Inc,2/18/2021 16:00,72.26
TWTR,Twitter Inc,2/19/2021 16:00,72.28
TWTR,Twitter Inc,2/22/2021 16:00,70.49
TWTR,Twitter Inc,2/23/2021 16:00,73.17
TWTR,Twitter Inc,2/24/2021 16:00,71.92
TWTR,Twitter Inc,2/25/2021 16:00,74.59
TWTR,Twitter Inc,2/26/2021 16:00,77.06
TWTR,Twitter Inc,3/1/2021 16:00,77.63
TWTR,Twitter Inc,3/2/2021 16:00,73.67
TWTR,Twitter Inc,3/3/2021 16:00,70.86
TWTR,Twitter Inc,3/4/2021 16:00,66.75
TWTR,Twitter Inc,3/5/2021 16:00,66.95
TWTR,Twitter Inc,3/8/2021 16:00,63.48
TWTR,Twitter Inc,3/9/2021 16:00,67.52
TWTR,Twitter Inc,3/10/2021 16:00,64.83
TWTR,Twitter Inc,3/11/2021 16:00,68.46
TWTR,Twitter Inc,3/12/2021 16:00,68.1
TWTR,Twitter Inc,3/15/2021 16:00,70.28
TWTR,Twitter Inc,3/16/2021 16:00,69.25
TWTR,Twitter Inc,3/17/2021 16:00,70.2
TWTR,Twitter Inc,3/18/2021 16:00,66.72
TWTR,Twitter Inc,3/19/2021 16:00,66.23
TWTR,Twitter Inc,3/22/2021 16:00,65.21
TWTR,Twitter Inc,3/23/2021 16:00,64.27
TWTR,Twitter Inc,3/24/2021 16:00,62.06
TWTR,Twitter Inc,3/25/2021 16:00,61.2
TWTR,Twitter Inc,3/26/2021 16:00,61.26
TWTR,Twitter Inc,3/29/2021 16:00,62.94
TWTR,Twitter Inc,3/30/2021 16:00,62.99
TWTR,Twitter Inc,3/31/2021 16:00,63.63
TWTR,Twitter Inc,4/1/2021 16:00,63.83
TWTR,Twitter Inc,4/5/2021 16:00,64.24
TWTR,Twitter Inc,4/6/2021 16:00,67
TWTR,Twitter Inc,4/7/2021 16:00,68.99
TWTR,Twitter Inc,4/8/2021 16:00,71.22
TWTR,Twitter Inc,4/9/2021 16:00,71.19
TWTR,Twitter Inc,4/12/2021 16:00,70.86
TWTR,Twitter Inc,4/13/2021 16:00,72.45
TWTR,Twitter Inc,4/14/2021 16:00,69.74
TWTR,Twitter Inc,4/15/2021 16:00,71.71
TWTR,Twitter Inc,4/16/2021 16:00,70.12
TWTR,Twitter Inc,4/19/2021 16:00,67.94
TWTR,Twitter Inc,4/20/2021 16:00,65.7
TWTR,Twitter Inc,4/21/2021 16:00,67.33
TWTR,Twitter Inc,4/22/2021 16:00,64.31
TWTR,Twitter Inc,4/23/2021 16:00,67.02
TWTR,Twitter Inc,4/26/2021 16:00,66.72
TWTR,Twitter Inc,4/27/2021 16:00,66.01
TWTR,Twitter Inc,4/28/2021 16:00,65.7
TWTR,Twitter Inc,4/29/2021 16:00,65.09
TWTR,Twitter Inc,4/30/2021 16:00,55.22
TWTR,Twitter Inc,5/3/2021 16:00,54.58
TWTR,Twitter Inc,5/4/2021 16:00,54.4
TWTR,Twitter Inc,5/5/2021 16:00,53.56
TWTR,Twitter Inc,5/6/2021 16:00,53.81
TWTR,Twitter Inc,5/7/2021 16:00,53.79
TWTR,Twitter Inc,5/10/2021 16:00,51.81
TWTR,Twitter Inc,5/11/2021 16:00,52.88
TWTR,Twitter Inc,5/12/2021 16:00,50.7
TWTR,Twitter Inc,5/13/2021 16:00,50.11
TWTR,Twitter Inc,5/14/2021 16:00,51.73
TWTR,Twitter Inc,5/17/2021 16:00,52.6
TWTR,Twitter Inc,5/18/2021 16:00,53.19
TWTR,Twitter Inc,5/19/2021 16:00,52.92
TWTR,Twitter Inc,5/20/2021 16:00,54.71
TWTR,Twitter Inc,5/21/2021 16:00,54.45
TWTR,Twitter Inc,5/24/2021 16:00,57.06
TWTR,Twitter Inc,5/25/2021 16:00,57
TWTR,Twitter Inc,5/26/2021 16:00,57.85
TWTR,Twitter Inc,5/27/2021 16:00,58.08
TWTR,Twitter Inc,5/28/2021 16:00,58
TWTR,Twitter Inc,6/1/2021 16:00,57.44
TWTR,Twitter Inc,6/2/2021 16:00,57.16
TWTR,Twitter Inc,6/3/2021 16:00,57.01
TWTR,Twitter Inc,6/4/2021 16:00,59
TWTR,Twitter Inc,6/7/2021 16:00,59.63
TWTR,Twitter Inc,6/8/2021 16:00,58.81
TWTR,Twitter Inc,6/9/2021 16:00,59.71
TWTR,Twitter Inc,6/10/2021 16:00,60.3
TWTR,Twitter Inc,6/11/2021 16:00,60.5
TWTR,Twitter Inc,6/14/2021 16:00,60.83
TWTR,Twitter Inc,6/15/2021 16:00,60.23
TWTR,Twitter Inc,6/16/2021 16:00,59.93
TWTR,Twitter Inc,6/17/2021 16:00,60.71
TWTR,Twitter Inc,6/18/2021 16:00,60.85
TWTR,Twitter Inc,6/21/2021 16:00,61.96
TWTR,Twitter Inc,6/22/2021 16:00,63.78
TWTR,Twitter Inc,6/23/2021 16:00,66.49
TWTR,Twitter Inc,6/24/2021 16:00,68.25
TWTR,Twitter Inc,6/25/2021 16:00,67.93
TWTR,Twitter Inc,6/28/2021 16:00,68.29
TWTR,Twitter Inc,6/29/2021 16:00,69
TWTR,Twitter Inc,6/30/2021 16:00,68.81
TWTR,Twitter Inc,7/1/2021 16:00,68.11
TWTR,Twitter Inc,7/2/2021 16:00,69.2
TWTR,Twitter Inc,7/6/2021 16:00,70.21
TWTR,Twitter Inc,7/7/2021 16:00,68.76
TWTR,Twitter Inc,7/8/2021 16:00,66.83
TWTR,Twitter Inc,7/9/2021 16:00,68.97
TWTR,Twitter Inc,7/12/2021 16:00,69.86
TWTR,Twitter Inc,7/13/2021 16:00,69.6
TWTR,Twitter Inc,7/14/2021 16:00,70.27
TWTR,Twitter Inc,7/15/2021 16:00,68.07
TWTR,Twitter Inc,7/16/2021 16:00,66.41
TWTR,Twitter Inc,7/19/2021 16:00,66.02
TWTR,Twitter Inc,7/20/2021 16:00,67.94
TWTR,Twitter Inc,7/21/2021 16:00,69.54
TWTR,Twitter Inc,7/22/2021 16:00,69.57
TWTR,Twitter Inc,7/23/2021 16:00,71.69
TWTR,Twitter Inc,7/26/2021 16:00,68.69
TWTR,Twitter Inc,7/27/2021 16:00,68.33
TWTR,Twitter Inc,7/28/2021 16:00,69.96
TWTR,Twitter Inc,7/29/2021 16:00,70.37
TWTR,Twitter Inc,7/30/2021 16:00,69.75
TWTR,Twitter Inc,8/2/2021 16:00,69.13
TWTR,Twitter Inc,8/3/2021 16:00,68.63
TWTR,Twitter Inc,8/4/2021 16:00,68.7
TWTR,Twitter Inc,8/5/2021 16:00,69.28
TWTR,Twitter Inc,8/6/2021 16:00,67.37
TWTR,Twitter Inc,8/9/2021 16:00,67.01
TWTR,Twitter Inc,8/10/2021 16:00,65.68
TWTR,Twitter Inc,8/11/2021 16:00,65.46
TWTR,Twitter Inc,8/12/2021 16:00,64.95
TWTR,Twitter Inc,8/13/2021 16:00,64.82
TWTR,Twitter Inc,8/16/2021 16:00,63.78
TWTR,Twitter Inc,8/17/2021 16:00,62.88
TWTR,Twitter Inc,8/18/2021 16:00,62.12
TWTR,Twitter Inc,8/19/2021 16:00,62.05
TWTR,Twitter Inc,8/20/2021 16:00,62.52
TWTR,Twitter Inc,8/23/2021 16:00,64.13
TWTR,Twitter Inc,8/24/2021 16:00,63.98
TWTR,Twitter Inc,8/25/2021 16:00,64.17
TWTR,Twitter Inc,8/26/2021 16:00,62.61
TWTR,Twitter Inc,8/27/2021 16:00,63.43
TWTR,Twitter Inc,8/30/2021 16:00,64.7
TWTR,Twitter Inc,8/31/2021 16:00,64.5
TWTR,Twitter Inc,9/1/2021 16:00,65.55
TWTR,Twitter Inc,9/2/2021 16:00,64.6
TWTR,Twitter Inc,9/3/2021 16:00,64.66
TWTR,Twitter Inc,9/7/2021 16:00,64.98
TWTR,Twitter Inc,9/8/2021 16:00,62.27
TWTR,Twitter Inc,9/9/2021 16:00,62.46
TWTR,Twitter Inc,9/10/2021 16:00,61.56
TWTR,Twitter Inc,9/13/2021 16:00,59.66
TWTR,Twitter Inc,9/14/2021 16:00,60.19
YUM,"Yum! Brands, Inc.",1/2/2020 16:00,102.17
YUM,"Yum! Brands, Inc.",1/3/2020 16:00,101.85
YUM,"Yum! Brands, Inc.",1/6/2020 16:00,101.79
YUM,"Yum! Brands, Inc.",1/7/2020 16:00,101.97
YUM,"Yum! Brands, Inc.",1/8/2020 16:00,102.15
YUM,"Yum! Brands, Inc.",1/9/2020 16:00,102.96
YUM,"Yum! Brands, Inc.",1/10/2020 16:00,101.69
YUM,"Yum! Brands, Inc.",1/13/2020 16:00,100.34
YUM,"Yum! Brands, Inc.",1/14/2020 16:00,100.72
YUM,"Yum! Brands, Inc.",1/15/2020 16:00,101.24
YUM,"Yum! Brands, Inc.",1/16/2020 16:00,102.16
YUM,"Yum! Brands, Inc.",1/17/2020 16:00,105.4
YUM,"Yum! Brands, Inc.",1/21/2020 16:00,105.6
YUM,"Yum! Brands, Inc.",1/22/2020 16:00,106.49
YUM,"Yum! Brands, Inc.",1/23/2020 16:00,105.98
YUM,"Yum! Brands, Inc.",1/24/2020 16:00,104.98
YUM,"Yum! Brands, Inc.",1/27/2020 16:00,104.39
YUM,"Yum! Brands, Inc.",1/28/2020 16:00,104.82
YUM,"Yum! Brands, Inc.",1/29/2020 16:00,106.63
YUM,"Yum! Brands, Inc.",1/30/2020 16:00,106.6
YUM,"Yum! Brands, Inc.",1/31/2020 16:00,105.77
YUM,"Yum! Brands, Inc.",2/3/2020 16:00,106.41
YUM,"Yum! Brands, Inc.",2/4/2020 16:00,106.71
YUM,"Yum! Brands, Inc.",2/5/2020 16:00,106.78
YUM,"Yum! Brands, Inc.",2/6/2020 16:00,103.74
YUM,"Yum! Brands, Inc.",2/7/2020 16:00,102.04
YUM,"Yum! Brands, Inc.",2/10/2020 16:00,102.87
YUM,"Yum! Brands, Inc.",2/11/2020 16:00,104.05
YUM,"Yum! Brands, Inc.",2/12/2020 16:00,105.34
YUM,"Yum! Brands, Inc.",2/13/2020 16:00,105.03
YUM,"Yum! Brands, Inc.",2/14/2020 16:00,105.28
YUM,"Yum! Brands, Inc.",2/18/2020 16:00,104.03
YUM,"Yum! Brands, Inc.",2/19/2020 16:00,105.19
YUM,"Yum! Brands, Inc.",2/20/2020 16:00,103.87
YUM,"Yum! Brands, Inc.",2/21/2020 16:00,103.51
YUM,"Yum! Brands, Inc.",2/24/2020 16:00,100.25
YUM,"Yum! Brands, Inc.",2/25/2020 16:00,97.95
YUM,"Yum! Brands, Inc.",2/26/2020 16:00,97.5
YUM,"Yum! Brands, Inc.",2/27/2020 16:00,92.67
YUM,"Yum! Brands, Inc.",2/28/2020 16:00,89.25
YUM,"Yum! Brands, Inc.",3/2/2020 16:00,92.53
YUM,"Yum! Brands, Inc.",3/3/2020 16:00,91.31
YUM,"Yum! Brands, Inc.",3/4/2020 16:00,94.63
YUM,"Yum! Brands, Inc.",3/5/2020 16:00,90.92
YUM,"Yum! Brands, Inc.",3/6/2020 16:00,89.4
YUM,"Yum! Brands, Inc.",3/9/2020 16:00,83.7
YUM,"Yum! Brands, Inc.",3/10/2020 16:00,86.78
YUM,"Yum! Brands, Inc.",3/11/2020 16:00,80.97
YUM,"Yum! Brands, Inc.",3/12/2020 16:00,78.45
YUM,"Yum! Brands, Inc.",3/13/2020 16:00,78.46
YUM,"Yum! Brands, Inc.",3/16/2020 16:00,69.83
YUM,"Yum! Brands, Inc.",3/17/2020 16:00,65.49
YUM,"Yum! Brands, Inc.",3/18/2020 16:00,60.69
YUM,"Yum! Brands, Inc.",3/19/2020 16:00,62.6
YUM,"Yum! Brands, Inc.",3/20/2020 16:00,58.08
YUM,"Yum! Brands, Inc.",3/23/2020 16:00,56.52
YUM,"Yum! Brands, Inc.",3/24/2020 16:00,69.66
YUM,"Yum! Brands, Inc.",3/25/2020 16:00,72.87
YUM,"Yum! Brands, Inc.",3/26/2020 16:00,75.75
YUM,"Yum! Brands, Inc.",3/27/2020 16:00,68.53
YUM,"Yum! Brands, Inc.",3/30/2020 16:00,70.67
YUM,"Yum! Brands, Inc.",3/31/2020 16:00,68.53
YUM,"Yum! Brands, Inc.",4/1/2020 16:00,67.65
YUM,"Yum! Brands, Inc.",4/2/2020 16:00,66.05
YUM,"Yum! Brands, Inc.",4/3/2020 16:00,63.3
YUM,"Yum! Brands, Inc.",4/6/2020 16:00,70.5
YUM,"Yum! Brands, Inc.",4/7/2020 16:00,71.35
YUM,"Yum! Brands, Inc.",4/8/2020 16:00,75.37
YUM,"Yum! Brands, Inc.",4/9/2020 16:00,80.37
YUM,"Yum! Brands, Inc.",4/13/2020 16:00,77.06
YUM,"Yum! Brands, Inc.",4/14/2020 16:00,79.89
YUM,"Yum! Brands, Inc.",4/15/2020 16:00,77.64
YUM,"Yum! Brands, Inc.",4/16/2020 16:00,80.11
YUM,"Yum! Brands, Inc.",4/17/2020 16:00,84.17
YUM,"Yum! Brands, Inc.",4/20/2020 16:00,82.07
YUM,"Yum! Brands, Inc.",4/21/2020 16:00,81.2
YUM,"Yum! Brands, Inc.",4/22/2020 16:00,86.79
YUM,"Yum! Brands, Inc.",4/23/2020 16:00,85.61
YUM,"Yum! Brands, Inc.",4/24/2020 16:00,85.89
YUM,"Yum! Brands, Inc.",4/27/2020 16:00,88.19
YUM,"Yum! Brands, Inc.",4/28/2020 16:00,88.27
YUM,"Yum! Brands, Inc.",4/29/2020 16:00,87.46
YUM,"Yum! Brands, Inc.",4/30/2020 16:00,86.43
YUM,"Yum! Brands, Inc.",5/1/2020 16:00,83.81
YUM,"Yum! Brands, Inc.",5/4/2020 16:00,83.09
YUM,"Yum! Brands, Inc.",5/5/2020 16:00,83.28
YUM,"Yum! Brands, Inc.",5/6/2020 16:00,83.17
YUM,"Yum! Brands, Inc.",5/7/2020 16:00,84.6
YUM,"Yum! Brands, Inc.",5/8/2020 16:00,86.18
YUM,"Yum! Brands, Inc.",5/11/2020 16:00,86.37
YUM,"Yum! Brands, Inc.",5/12/2020 16:00,84
YUM,"Yum! Brands, Inc.",5/13/2020 16:00,80.44
YUM,"Yum! Brands, Inc.",5/14/2020 16:00,83.29
YUM,"Yum! Brands, Inc.",5/15/2020 16:00,84.9
YUM,"Yum! Brands, Inc.",5/18/2020 16:00,86.76
YUM,"Yum! Brands, Inc.",5/19/2020 16:00,86.86
YUM,"Yum! Brands, Inc.",5/20/2020 16:00,88.09
YUM,"Yum! Brands, Inc.",5/21/2020 16:00,88.01
YUM,"Yum! Brands, Inc.",5/22/2020 16:00,87.25
YUM,"Yum! Brands, Inc.",5/26/2020 16:00,88.05
YUM,"Yum! Brands, Inc.",5/27/2020 16:00,90.24
YUM,"Yum! Brands, Inc.",5/28/2020 16:00,90.85
YUM,"Yum! Brands, Inc.",5/29/2020 16:00,89.73
YUM,"Yum! Brands, Inc.",6/1/2020 16:00,90.52
YUM,"Yum! Brands, Inc.",6/2/2020 16:00,92.21
YUM,"Yum! Brands, Inc.",6/3/2020 16:00,94.56
YUM,"Yum! Brands, Inc.",6/4/2020 16:00,94.99
YUM,"Yum! Brands, Inc.",6/5/2020 16:00,96.52
YUM,"Yum! Brands, Inc.",6/8/2020 16:00,95.99
YUM,"Yum! Brands, Inc.",6/9/2020 16:00,95.56
YUM,"Yum! Brands, Inc.",6/10/2020 16:00,94.09
YUM,"Yum! Brands, Inc.",6/11/2020 16:00,90.67
YUM,"Yum! Brands, Inc.",6/12/2020 16:00,91.28
YUM,"Yum! Brands, Inc.",6/15/2020 16:00,91.44
YUM,"Yum! Brands, Inc.",6/16/2020 16:00,91.86
YUM,"Yum! Brands, Inc.",6/17/2020 16:00,91.26
YUM,"Yum! Brands, Inc.",6/18/2020 16:00,90.13
YUM,"Yum! Brands, Inc.",6/19/2020 16:00,88.26
YUM,"Yum! Brands, Inc.",6/22/2020 16:00,87.82
YUM,"Yum! Brands, Inc.",6/23/2020 16:00,87.92
YUM,"Yum! Brands, Inc.",6/24/2020 16:00,86.56
YUM,"Yum! Brands, Inc.",6/25/2020 16:00,86
YUM,"Yum! Brands, Inc.",6/26/2020 16:00,84.79
YUM,"Yum! Brands, Inc.",6/29/2020 16:00,86.98
YUM,"Yum! Brands, Inc.",6/30/2020 16:00,86.91
YUM,"Yum! Brands, Inc.",7/1/2020 16:00,86.45
YUM,"Yum! Brands, Inc.",7/2/2020 16:00,86.56
YUM,"Yum! Brands, Inc.",7/6/2020 16:00,88.51
YUM,"Yum! Brands, Inc.",7/7/2020 16:00,86.86
YUM,"Yum! Brands, Inc.",7/8/2020 16:00,86.55
YUM,"Yum! Brands, Inc.",7/9/2020 16:00,86.38
YUM,"Yum! Brands, Inc.",7/10/2020 16:00,87.24
YUM,"Yum! Brands, Inc.",7/13/2020 16:00,87.43
YUM,"Yum! Brands, Inc.",7/14/2020 16:00,88.18
YUM,"Yum! Brands, Inc.",7/15/2020 16:00,90.35
YUM,"Yum! Brands, Inc.",7/16/2020 16:00,89.69
YUM,"Yum! Brands, Inc.",7/17/2020 16:00,90.57
YUM,"Yum! Brands, Inc.",7/20/2020 16:00,90.91
YUM,"Yum! Brands, Inc.",7/21/2020 16:00,91.04
YUM,"Yum! Brands, Inc.",7/22/2020 16:00,93.62
YUM,"Yum! Brands, Inc.",7/23/2020 16:00,92.87
YUM,"Yum! Brands, Inc.",7/24/2020 16:00,93.14
YUM,"Yum! Brands, Inc.",7/27/2020 16:00,93.37
YUM,"Yum! Brands, Inc.",7/28/2020 16:00,92.75
YUM,"Yum! Brands, Inc.",7/29/2020 16:00,94.83
YUM,"Yum! Brands, Inc.",7/30/2020 16:00,91.64
YUM,"Yum! Brands, Inc.",7/31/2020 16:00,91.05
YUM,"Yum! Brands, Inc.",8/3/2020 16:00,90.92
YUM,"Yum! Brands, Inc.",8/4/2020 16:00,91.82
YUM,"Yum! Brands, Inc.",8/5/2020 16:00,91
YUM,"Yum! Brands, Inc.",8/6/2020 16:00,90.99
YUM,"Yum! Brands, Inc.",8/7/2020 16:00,90.82
YUM,"Yum! Brands, Inc.",8/10/2020 16:00,91.34
YUM,"Yum! Brands, Inc.",8/11/2020 16:00,92.7
YUM,"Yum! Brands, Inc.",8/12/2020 16:00,93.16
YUM,"Yum! Brands, Inc.",8/13/2020 16:00,92.77
YUM,"Yum! Brands, Inc.",8/14/2020 16:00,92.65
YUM,"Yum! Brands, Inc.",8/17/2020 16:00,93.6
YUM,"Yum! Brands, Inc.",8/18/2020 16:00,94.9
YUM,"Yum! Brands, Inc.",8/19/2020 16:00,93.93
YUM,"Yum! Brands, Inc.",8/20/2020 16:00,95.37
YUM,"Yum! Brands, Inc.",8/21/2020 16:00,96.1
YUM,"Yum! Brands, Inc.",8/24/2020 16:00,96.56
YUM,"Yum! Brands, Inc.",8/25/2020 16:00,96.48
YUM,"Yum! Brands, Inc.",8/26/2020 16:00,95.33
YUM,"Yum! Brands, Inc.",8/27/2020 16:00,95.47
YUM,"Yum! Brands, Inc.",8/28/2020 16:00,97.45
YUM,"Yum! Brands, Inc.",8/31/2020 16:00,95.85
YUM,"Yum! Brands, Inc.",9/1/2020 16:00,96.15
YUM,"Yum! Brands, Inc.",9/2/2020 16:00,97.98
YUM,"Yum! Brands, Inc.",9/3/2020 16:00,96.33
YUM,"Yum! Brands, Inc.",9/4/2020 16:00,95.22
YUM,"Yum! Brands, Inc.",9/8/2020 16:00,93.68
YUM,"Yum! Brands, Inc.",9/9/2020 16:00,93.39
YUM,"Yum! Brands, Inc.",9/10/2020 16:00,92.35
YUM,"Yum! Brands, Inc.",9/11/2020 16:00,92.27
YUM,"Yum! Brands, Inc.",9/14/2020 16:00,92.87
YUM,"Yum! Brands, Inc.",9/15/2020 16:00,93.52
YUM,"Yum! Brands, Inc.",9/16/2020 16:00,94.81
YUM,"Yum! Brands, Inc.",9/17/2020 16:00,93.71
YUM,"Yum! Brands, Inc.",9/18/2020 16:00,92.11
YUM,"Yum! Brands, Inc.",9/21/2020 16:00,89.34
YUM,"Yum! Brands, Inc.",9/22/2020 16:00,90.59
YUM,"Yum! Brands, Inc.",9/23/2020 16:00,89.77
YUM,"Yum! Brands, Inc.",9/24/2020 16:00,91.37
YUM,"Yum! Brands, Inc.",9/25/2020 16:00,91.38
YUM,"Yum! Brands, Inc.",9/28/2020 16:00,91.88
YUM,"Yum! Brands, Inc.",9/29/2020 16:00,90.71
YUM,"Yum! Brands, Inc.",9/30/2020 16:00,91.3
YUM,"Yum! Brands, Inc.",10/1/2020 16:00,91.82
YUM,"Yum! Brands, Inc.",10/2/2020 16:00,95.17
YUM,"Yum! Brands, Inc.",10/5/2020 16:00,94.09
YUM,"Yum! Brands, Inc.",10/6/2020 16:00,91.92
YUM,"Yum! Brands, Inc.",10/7/2020 16:00,93.88
YUM,"Yum! Brands, Inc.",10/8/2020 16:00,95.41
YUM,"Yum! Brands, Inc.",10/9/2020 16:00,95.49
YUM,"Yum! Brands, Inc.",10/12/2020 16:00,95.98
YUM,"Yum! Brands, Inc.",10/13/2020 16:00,96.01
YUM,"Yum! Brands, Inc.",10/14/2020 16:00,96.52
YUM,"Yum! Brands, Inc.",10/15/2020 16:00,99.49
YUM,"Yum! Brands, Inc.",10/16/2020 16:00,98.53
YUM,"Yum! Brands, Inc.",10/19/2020 16:00,97.25
YUM,"Yum! Brands, Inc.",10/20/2020 16:00,97.28
YUM,"Yum! Brands, Inc.",10/21/2020 16:00,99.07
YUM,"Yum! Brands, Inc.",10/22/2020 16:00,99.85
YUM,"Yum! Brands, Inc.",10/23/2020 16:00,101.28
YUM,"Yum! Brands, Inc.",10/26/2020 16:00,99.2
YUM,"Yum! Brands, Inc.",10/27/2020 16:00,97.99
YUM,"Yum! Brands, Inc.",10/28/2020 16:00,95.06
YUM,"Yum! Brands, Inc.",10/29/2020 16:00,94.94
YUM,"Yum! Brands, Inc.",10/30/2020 16:00,93.33
YUM,"Yum! Brands, Inc.",11/2/2020 16:00,95.25
YUM,"Yum! Brands, Inc.",11/3/2020 16:00,96.77
YUM,"Yum! Brands, Inc.",11/4/2020 16:00,98.58
YUM,"Yum! Brands, Inc.",11/5/2020 16:00,100.7
YUM,"Yum! Brands, Inc.",11/6/2020 16:00,99.38
YUM,"Yum! Brands, Inc.",11/9/2020 16:00,101.98
YUM,"Yum! Brands, Inc.",11/10/2020 16:00,102.99
YUM,"Yum! Brands, Inc.",11/11/2020 16:00,101.82
YUM,"Yum! Brands, Inc.",11/12/2020 16:00,100.42
YUM,"Yum! Brands, Inc.",11/13/2020 16:00,102.87
YUM,"Yum! Brands, Inc.",11/16/2020 16:00,104.76
YUM,"Yum! Brands, Inc.",11/17/2020 16:00,104.04
YUM,"Yum! Brands, Inc.",11/18/2020 16:00,104.17
YUM,"Yum! Brands, Inc.",11/19/2020 16:00,105.27
YUM,"Yum! Brands, Inc.",11/20/2020 16:00,104.99
YUM,"Yum! Brands, Inc.",11/23/2020 16:00,105
YUM,"Yum! Brands, Inc.",11/24/2020 16:00,107.19
YUM,"Yum! Brands, Inc.",11/25/2020 16:00,106.61
YUM,"Yum! Brands, Inc.",11/27/2020 13:00,107.18
YUM,"Yum! Brands, Inc.",11/30/2020 16:00,105.8
YUM,"Yum! Brands, Inc.",12/1/2020 16:00,106.34
YUM,"Yum! Brands, Inc.",12/2/2020 16:00,104.98
YUM,"Yum! Brands, Inc.",12/3/2020 16:00,104.52
YUM,"Yum! Brands, Inc.",12/4/2020 16:00,105.86
YUM,"Yum! Brands, Inc.",12/7/2020 16:00,105.24
YUM,"Yum! Brands, Inc.",12/8/2020 16:00,105.15
YUM,"Yum! Brands, Inc.",12/9/2020 16:00,106.57
YUM,"Yum! Brands, Inc.",12/10/2020 16:00,106.46
YUM,"Yum! Brands, Inc.",12/11/2020 16:00,105.99
YUM,"Yum! Brands, Inc.",12/14/2020 16:00,105.5
YUM,"Yum! Brands, Inc.",12/15/2020 16:00,107.38
YUM,"Yum! Brands, Inc.",12/16/2020 16:00,107.42
YUM,"Yum! Brands, Inc.",12/17/2020 16:00,108.79
YUM,"Yum! Brands, Inc.",12/18/2020 16:00,109.78
YUM,"Yum! Brands, Inc.",12/21/2020 16:00,108.63
YUM,"Yum! Brands, Inc.",12/22/2020 16:00,107.4
YUM,"Yum! Brands, Inc.",12/23/2020 16:00,106.79
YUM,"Yum! Brands, Inc.",12/24/2020 13:00,107.54
YUM,"Yum! Brands, Inc.",12/28/2020 16:00,109.78
YUM,"Yum! Brands, Inc.",12/29/2020 16:00,109.45
YUM,"Yum! Brands, Inc.",12/30/2020 16:00,109.51
YUM,"Yum! Brands, Inc.",12/31/2020 16:00,108.56
YUM,"Yum! Brands, Inc.",1/4/2021 16:00,105.82
YUM,"Yum! Brands, Inc.",1/5/2021 16:00,105.83
YUM,"Yum! Brands, Inc.",1/6/2021 16:00,106.41
YUM,"Yum! Brands, Inc.",1/7/2021 16:00,105.6
YUM,"Yum! Brands, Inc.",1/8/2021 16:00,107.15
YUM,"Yum! Brands, Inc.",1/11/2021 16:00,107.67
YUM,"Yum! Brands, Inc.",1/12/2021 16:00,107.67
YUM,"Yum! Brands, Inc.",1/13/2021 16:00,107.15
YUM,"Yum! Brands, Inc.",1/14/2021 16:00,107.78
YUM,"Yum! Brands, Inc.",1/15/2021 16:00,106.62
YUM,"Yum! Brands, Inc.",1/19/2021 16:00,107.39
YUM,"Yum! Brands, Inc.",1/20/2021 16:00,109.41
YUM,"Yum! Brands, Inc.",1/21/2021 16:00,107.88
YUM,"Yum! Brands, Inc.",1/22/2021 16:00,107.09
YUM,"Yum! Brands, Inc.",1/25/2021 16:00,105.26
YUM,"Yum! Brands, Inc.",1/26/2021 16:00,106.34
YUM,"Yum! Brands, Inc.",1/27/2021 16:00,102.02
YUM,"Yum! Brands, Inc.",1/28/2021 16:00,102.53
YUM,"Yum! Brands, Inc.",1/29/2021 16:00,101.49
YUM,"Yum! Brands, Inc.",2/1/2021 16:00,103.06
YUM,"Yum! Brands, Inc.",2/2/2021 16:00,106.3
YUM,"Yum! Brands, Inc.",2/3/2021 16:00,104.73
YUM,"Yum! Brands, Inc.",2/4/2021 16:00,102.99
YUM,"Yum! Brands, Inc.",2/5/2021 16:00,105.34
YUM,"Yum! Brands, Inc.",2/8/2021 16:00,103.36
YUM,"Yum! Brands, Inc.",2/9/2021 16:00,103.12
YUM,"Yum! Brands, Inc.",2/10/2021 16:00,104.82
YUM,"Yum! Brands, Inc.",2/11/2021 16:00,105.48
YUM,"Yum! Brands, Inc.",2/12/2021 16:00,105.47
YUM,"Yum! Brands, Inc.",2/16/2021 16:00,105.6
YUM,"Yum! Brands, Inc.",2/17/2021 16:00,104.34
YUM,"Yum! Brands, Inc.",2/18/2021 16:00,105.37
YUM,"Yum! Brands, Inc.",2/19/2021 16:00,105.13
YUM,"Yum! Brands, Inc.",2/22/2021 16:00,105.01
YUM,"Yum! Brands, Inc.",2/23/2021 16:00,104.65
YUM,"Yum! Brands, Inc.",2/24/2021 16:00,104.68
YUM,"Yum! Brands, Inc.",2/25/2021 16:00,104.7
YUM,"Yum! Brands, Inc.",2/26/2021 16:00,103.53
YUM,"Yum! Brands, Inc.",3/1/2021 16:00,104.51
YUM,"Yum! Brands, Inc.",3/2/2021 16:00,104.74
YUM,"Yum! Brands, Inc.",3/3/2021 16:00,103.51
YUM,"Yum! Brands, Inc.",3/4/2021 16:00,103.57
YUM,"Yum! Brands, Inc.",3/5/2021 16:00,104.33
YUM,"Yum! Brands, Inc.",3/8/2021 16:00,104.14
YUM,"Yum! Brands, Inc.",3/9/2021 16:00,102.68
YUM,"Yum! Brands, Inc.",3/10/2021 16:00,104.61
YUM,"Yum! Brands, Inc.",3/11/2021 16:00,104.63
YUM,"Yum! Brands, Inc.",3/12/2021 16:00,104.81
YUM,"Yum! Brands, Inc.",3/15/2021 16:00,107.99
YUM,"Yum! Brands, Inc.",3/16/2021 16:00,108.8
YUM,"Yum! Brands, Inc.",3/17/2021 16:00,111.02
YUM,"Yum! Brands, Inc.",3/18/2021 16:00,108.31
YUM,"Yum! Brands, Inc.",3/19/2021 16:00,107.96
YUM,"Yum! Brands, Inc.",3/22/2021 16:00,108.75
YUM,"Yum! Brands, Inc.",3/23/2021 16:00,108
YUM,"Yum! Brands, Inc.",3/24/2021 16:00,107.08
YUM,"Yum! Brands, Inc.",3/25/2021 16:00,107.38
YUM,"Yum! Brands, Inc.",3/26/2021 16:00,108.06
YUM,"Yum! Brands, Inc.",3/29/2021 16:00,109.21
YUM,"Yum! Brands, Inc.",3/30/2021 16:00,109.77
YUM,"Yum! Brands, Inc.",3/31/2021 16:00,108.18
YUM,"Yum! Brands, Inc.",4/1/2021 16:00,109.8
YUM,"Yum! Brands, Inc.",4/5/2021 16:00,110.64
YUM,"Yum! Brands, Inc.",4/6/2021 16:00,114.08
YUM,"Yum! Brands, Inc.",4/7/2021 16:00,114.05
YUM,"Yum! Brands, Inc.",4/8/2021 16:00,114.66
YUM,"Yum! Brands, Inc.",4/9/2021 16:00,114.96
YUM,"Yum! Brands, Inc.",4/12/2021 16:00,116.42
YUM,"Yum! Brands, Inc.",4/13/2021 16:00,117.45
YUM,"Yum! Brands, Inc.",4/14/2021 16:00,118.16
YUM,"Yum! Brands, Inc.",4/15/2021 16:00,117.61
YUM,"Yum! Brands, Inc.",4/16/2021 16:00,118.06
YUM,"Yum! Brands, Inc.",4/19/2021 16:00,117.71
YUM,"Yum! Brands, Inc.",4/20/2021 16:00,117.96
YUM,"Yum! Brands, Inc.",4/21/2021 16:00,117.45
YUM,"Yum! Brands, Inc.",4/22/2021 16:00,117.82
YUM,"Yum! Brands, Inc.",4/23/2021 16:00,117.72
YUM,"Yum! Brands, Inc.",4/26/2021 16:00,115.68
YUM,"Yum! Brands, Inc.",4/27/2021 16:00,116.41
YUM,"Yum! Brands, Inc.",4/28/2021 16:00,117.57
YUM,"Yum! Brands, Inc.",4/29/2021 16:00,118.91
YUM,"Yum! Brands, Inc.",4/30/2021 16:00,119.52
YUM,"Yum! Brands, Inc.",5/3/2021 16:00,119.98
YUM,"Yum! Brands, Inc.",5/4/2021 16:00,119.37
YUM,"Yum! Brands, Inc.",5/5/2021 16:00,121.09
YUM,"Yum! Brands, Inc.",5/6/2021 16:00,121.29
YUM,"Yum! Brands, Inc.",5/7/2021 16:00,121.23
YUM,"Yum! Brands, Inc.",5/10/2021 16:00,121.92
YUM,"Yum! Brands, Inc.",5/11/2021 16:00,119.15
YUM,"Yum! Brands, Inc.",5/12/2021 16:00,117.15
YUM,"Yum! Brands, Inc.",5/13/2021 16:00,118.09
YUM,"Yum! Brands, Inc.",5/14/2021 16:00,119.27
YUM,"Yum! Brands, Inc.",5/17/2021 16:00,118.65
YUM,"Yum! Brands, Inc.",5/18/2021 16:00,119.29
YUM,"Yum! Brands, Inc.",5/19/2021 16:00,118.71
YUM,"Yum! Brands, Inc.",5/20/2021 16:00,119.94
YUM,"Yum! Brands, Inc.",5/21/2021 16:00,119.71
YUM,"Yum! Brands, Inc.",5/24/2021 16:00,120.52
YUM,"Yum! Brands, Inc.",5/25/2021 16:00,120.6
YUM,"Yum! Brands, Inc.",5/26/2021 16:00,120.49
YUM,"Yum! Brands, Inc.",5/27/2021 16:00,120.09
YUM,"Yum! Brands, Inc.",5/28/2021 16:00,119.97
YUM,"Yum! Brands, Inc.",6/1/2021 16:00,119.9
YUM,"Yum! Brands, Inc.",6/2/2021 16:00,119.24
YUM,"Yum! Brands, Inc.",6/3/2021 16:00,118.72
YUM,"Yum! Brands, Inc.",6/4/2021 16:00,118.77
YUM,"Yum! Brands, Inc.",6/7/2021 16:00,118.32
YUM,"Yum! Brands, Inc.",6/8/2021 16:00,119.06
YUM,"Yum! Brands, Inc.",6/9/2021 16:00,117.53
YUM,"Yum! Brands, Inc.",6/10/2021 16:00,118.71
YUM,"Yum! Brands, Inc.",6/11/2021 16:00,119.65
YUM,"Yum! Brands, Inc.",6/14/2021 16:00,118.06
YUM,"Yum! Brands, Inc.",6/15/2021 16:00,118.57
YUM,"Yum! Brands, Inc.",6/16/2021 16:00,118.14
YUM,"Yum! Brands, Inc.",6/17/2021 16:00,116.84
YUM,"Yum! Brands, Inc.",6/18/2021 16:00,114.64
YUM,"Yum! Brands, Inc.",6/21/2021 16:00,116.76
YUM,"Yum! Brands, Inc.",6/22/2021 16:00,117.5
YUM,"Yum! Brands, Inc.",6/23/2021 16:00,116.94
YUM,"Yum! Brands, Inc.",6/24/2021 16:00,116.99
YUM,"Yum! Brands, Inc.",6/25/2021 16:00,117.25
YUM,"Yum! Brands, Inc.",6/28/2021 16:00,116.11
YUM,"Yum! Brands, Inc.",6/29/2021 16:00,115.56
YUM,"Yum! Brands, Inc.",6/30/2021 16:00,115.03
YUM,"Yum! Brands, Inc.",7/1/2021 16:00,116.01
YUM,"Yum! Brands, Inc.",7/2/2021 16:00,116.95
YUM,"Yum! Brands, Inc.",7/6/2021 16:00,116.25
YUM,"Yum! Brands, Inc.",7/7/2021 16:00,117.82
YUM,"Yum! Brands, Inc.",7/8/2021 16:00,117.32
YUM,"Yum! Brands, Inc.",7/9/2021 16:00,118.58
YUM,"Yum! Brands, Inc.",7/12/2021 16:00,117.87
YUM,"Yum! Brands, Inc.",7/13/2021 16:00,117.09
YUM,"Yum! Brands, Inc.",7/14/2021 16:00,117.12
YUM,"Yum! Brands, Inc.",7/15/2021 16:00,116.99
YUM,"Yum! Brands, Inc.",7/16/2021 16:00,115.85
YUM,"Yum! Brands, Inc.",7/19/2021 16:00,113.45
YUM,"Yum! Brands, Inc.",7/20/2021 16:00,116.16
YUM,"Yum! Brands, Inc.",7/21/2021 16:00,116.77
YUM,"Yum! Brands, Inc.",7/22/2021 16:00,120.26
YUM,"Yum! Brands, Inc.",7/23/2021 16:00,122.79
YUM,"Yum! Brands, Inc.",7/26/2021 16:00,123.45
YUM,"Yum! Brands, Inc.",7/27/2021 16:00,125.48
YUM,"Yum! Brands, Inc.",7/28/2021 16:00,122.61
YUM,"Yum! Brands, Inc.",7/29/2021 16:00,130.31
YUM,"Yum! Brands, Inc.",7/30/2021 16:00,131.39
YUM,"Yum! Brands, Inc.",8/2/2021 16:00,132.39
YUM,"Yum! Brands, Inc.",8/3/2021 16:00,133.42
YUM,"Yum! Brands, Inc.",8/4/2021 16:00,133.52
YUM,"Yum! Brands, Inc.",8/5/2021 16:00,133.64
YUM,"Yum! Brands, Inc.",8/6/2021 16:00,134.03
YUM,"Yum! Brands, Inc.",8/9/2021 16:00,133.2
YUM,"Yum! Brands, Inc.",8/10/2021 16:00,133.05
YUM,"Yum! Brands, Inc.",8/11/2021 16:00,134.05
YUM,"Yum! Brands, Inc.",8/12/2021 16:00,133.36
YUM,"Yum! Brands, Inc.",8/13/2021 16:00,134.96
YUM,"Yum! Brands, Inc.",8/16/2021 16:00,135.12
YUM,"Yum! Brands, Inc.",8/17/2021 16:00,134.92
YUM,"Yum! Brands, Inc.",8/18/2021 16:00,134.39
YUM,"Yum! Brands, Inc.",8/19/2021 16:00,133.96
YUM,"Yum! Brands, Inc.",8/20/2021 16:00,134.46
YUM,"Yum! Brands, Inc.",8/23/2021 16:00,134.9
YUM,"Yum! Brands, Inc.",8/24/2021 16:00,133.54
YUM,"Yum! Brands, Inc.",8/25/2021 16:00,134.44
YUM,"Yum! Brands, Inc.",8/26/2021 16:00,131.4
YUM,"Yum! Brands, Inc.",8/27/2021 16:00,131.7
YUM,"Yum! Brands, Inc.",8/30/2021 16:00,130.69
YUM,"Yum! Brands, Inc.",8/31/2021 16:00,131.03
YUM,"Yum! Brands, Inc.",9/1/2021 16:00,131.55
YUM,"Yum! Brands, Inc.",9/2/2021 16:00,131.27
YUM,"Yum! Brands, Inc.",9/3/2021 16:00,130.92
YUM,"Yum! Brands, Inc.",9/7/2021 16:00,128.83
YUM,"Yum! Brands, Inc.",9/8/2021 16:00,130.19
YUM,"Yum! Brands, Inc.",9/9/2021 16:00,129.25
YUM,"Yum! Brands, Inc.",9/10/2021 16:00,129.89
YUM,"Yum! Brands, Inc.",9/13/2021 16:00,129.05
YUM,"Yum! Brands, Inc.",9/14/2021 16:00,128.99
